fecha,experimento,modelo,preprocesado,entrada,loss,augmentation,threshold,dice_validacion,dice_test_experto_1,dice_test_experto_2,dice_test_total,observaciones
2026-06-05,cv_5folds,fold_1.keras;fold_2.keras;fold_3.keras;fold_4.keras;fold_5.keras,"resize 512x512; apply_fov en evaluacion","512x512x3","binary_crossentropy","flips",0.20,0.163609975013,0.147575727955,0.143401619513,0.145488673734,"Baseline inicial. Threshold seleccionado por validacion. Resultado insuficiente y muy inestable entre folds."
2026-06-05,cv_bce_dice,fold_1.keras;fold_2.keras;fold_3.keras;fold_4.keras;fold_5.keras,"resize 512x512; apply_fov en evaluacion","512x512x3","bce_dice","sin flips",0.20,0.222358891627,0.225639873743,0.218175560981,0.221907717362,"Primer cambio a BCE+Dice, pero entrenado sin flips y con checkpoint temprano. Mejora frente al baseline, pero sigue degenerado."
2026-06-05,cv_bce_dice_flips_valloss,fold_1.keras;fold_2.keras;fold_3.keras;fold_4.keras;fold_5.keras,"resize 512x512; apply_fov en evaluacion","512x512x3","bce_dice","flips",0.50,0.748144717185,0.753677307963,0.763890808225,0.758784058094,"Primer entrenamiento valido como candidato final. Usa batch_size 1, callbacks sobre val_loss y threshold estable 0.50."
2026-06-05,cv_bce_dice_flips_valloss_ensemble,fold_1.keras;fold_2.keras;fold_3.keras;fold_4.keras;fold_5.keras,"resize 512x512; promedio de probabilidades; apply_fov en evaluacion","512x512x3","bce_dice","flips",0.50,,0.773936197162,0.786215701699,0.780075949430,"Ensemble final recomendado. Promedia probabilidades de los cinco folds antes del threshold. Threshold heredado de validacion de cv_bce_dice_flips_valloss; no se recalibro usando test."
2026-06-05,cv_bce_dice_flips_valloss_pad,fold_1.keras;fold_2.keras;fold_3.keras;fold_4.keras;fold_5.keras,"padding simetrico a 592x576; recorte a tamano original; apply_fov en evaluacion","592x576x3","bce_dice","flips",0.50,0.763070185296,0.776917791366,0.789520988464,0.783219389915,"Primer experimento con padding en vez de resize deformante. Mejora clara frente al resize individual y conserva mejor la geometria original de DRIVE."
2026-06-05,cv_bce_dice_flips_valloss_pad_ensemble,fold_1.keras;fold_2.keras;fold_3.keras;fold_4.keras;fold_5.keras,"padding simetrico a 592x576; promedio de probabilidades; recorte a tamano original; apply_fov en evaluacion","592x576x3","bce_dice","flips",0.50,,0.787846133113,0.801753777266,0.794799955189,"Ensemble con padding a 80 epocas. Supera al ensemble resize por 0.014724 DICE y pasa a ser el mejor resultado antes de ampliar entrenamiento."
2026-06-05,cv_bce_dice_flips_valloss_pad_e120,fold_1.keras;fold_2.keras;fold_3.keras;fold_4.keras;fold_5.keras,"padding simetrico a 592x576; recorte a tamano original; apply_fov en evaluacion","592x576x3","bce_dice","flips",0.45,0.766715471390,0.780036405325,0.793323621750,0.786680013537,"Mismo pipeline con padding, ampliado a 120 epocas y patience 16. El threshold optimo por validacion baja a 0.45, con mejora moderada frente a 80 epocas."
2026-06-05,cv_bce_dice_flips_valloss_pad_e120_ensemble,fold_1.keras;fold_2.keras;fold_3.keras;fold_4.keras;fold_5.keras,"padding simetrico a 592x576; promedio de probabilidades; recorte a tamano original; apply_fov en evaluacion","592x576x3","bce_dice","flips",0.45,,0.790434083343,0.804588097334,0.797511090338,"Nuevo mejor modelo adoptado. Ensemble de cinco folds con padding y 120 epocas; mejora el ensemble padding de 80 epocas y mantiene resultado casi identico a threshold 0.50."
2026-06-05,cv_bce_dice_flips_valloss_pad_e120_aug,fold_1.keras;fold_2.keras;fold_3.keras;fold_4.keras;fold_5.keras,"padding simetrico a 592x576; recorte a tamano original; apply_fov en evaluacion","592x576x3","bce_dice","flips + augmentation geometrica/fotometrica",0.45,0.783322195497,0.794419810772,0.810596901178,0.802508355975,"Experimento con augmentation enriquecida: rotaciones y traslaciones sincronizadas con la mascara, mas brillo, contraste, gamma y ruido ligero solo en imagen. Mejora claramente los folds individuales frente a pad_e120."
2026-06-05,cv_bce_dice_flips_valloss_pad_e120_aug_ensemble,fold_1.keras;fold_2.keras;fold_3.keras;fold_4.keras;fold_5.keras,"padding simetrico a 592x576; promedio de probabilidades; recorte a tamano original; apply_fov en evaluacion","592x576x3","bce_dice","flips + augmentation geometrica/fotometrica",0.45,,0.803983202577,0.821395593882,0.812689398229,"Nuevo mejor modelo adoptado. El ensemble con augmentation enriquecida supera a pad_e120_ensemble por 0.015178 DICE y mantiene resultado estable tambien con threshold 0.50."
2026-06-05,cv_bce_dice_flips_valloss_pad_e120_aug_ensemble_tta,fold_1.keras;fold_2.keras;fold_3.keras;fold_4.keras;fold_5.keras,"padding simetrico a 592x576; promedio de probabilidades; TTA reversible por flips; recorte a tamano original; apply_fov en evaluacion","592x576x3","bce_dice","flips + augmentation geometrica/fotometrica + TTA en inferencia",0.45,0.789705209207,0.804798790812,0.822029194236,0.813413992524,"TTA reversible en inferencia. En CV-TTA el threshold 0.40 fue el mejor por margen minimo frente a 0.45; en test se comprobaron 0.40, 0.45 y 0.50. Threshold 0.45 da el mejor DICE test observado y mejora ligeramente el ensemble sin TTA."
2026-06-05,cv_bce_dice_patch128_balanced_ensemble,fold_1.keras;fold_2.keras;fold_3.keras;fold_4.keras;fold_5.keras,"sliding-window patch inference; patch_size 128; stride 64; promedio de probabilidades; apply_fov en evaluacion","128x128x3","bce_dice","flips + augmentation geometrica/fotometrica durante entrenamiento por parches",0.45,0.806192743778,0.821033266187,0.841038233042,0.831035749614,"Nuevo mejor modelo sin TTA. Entrenamiento por parches balanceados con batches sesgados hacia vasos, vasos finos y bajo vaso. Supera al mejor ensemble anterior por 0.017622 DICE total."
2026-06-05,cv_bce_dice_patch128_balanced_ensemble_tta,fold_1.keras;fold_2.keras;fold_3.keras;fold_4.keras;fold_5.keras,"sliding-window patch inference; patch_size 128; stride 64; promedio de probabilidades; TTA reversible por flips; apply_fov en evaluacion","128x128x3","bce_dice","flips + augmentation geometrica/fotometrica durante entrenamiento por parches + TTA en inferencia",0.45,0.810472464562,0.822230744362,0.842775559425,0.832503151894,"Nuevo mejor modelo global. TTA mejora poco pero de forma positiva frente al patch ensemble sin TTA (+0.001467 DICE total). Mejora frente al mejor modelo anterior en +0.019089 DICE total."
2026-06-05,cv_bce_dice_patch128_balanced_ensemble_stride32_tta,fold_1.keras;fold_2.keras;fold_3.keras;fold_4.keras;fold_5.keras,"sliding-window patch inference; patch_size 128; stride 32; promedio de probabilidades; TTA reversible por flips; apply_fov en evaluacion","128x128x3","bce_dice","flips + augmentation geometrica/fotometrica durante entrenamiento por parches + TTA en inferencia",0.45,0.810838848352,0.822739547491,0.843195807934,0.832967677712,"Continuacion de la prueba con stride 32. Mejora ligeramente al stride 64 con TTA (+0.000465 DICE total), pero aumenta el coste de inferencia."
2026-06-06,cv_bce_dice_patch128_balanced_ensemble_stride32_tta_pp8,fold_1.keras;fold_2.keras;fold_3.keras;fold_4.keras;fold_5.keras,"sliding-window patch inference; patch_size 128; stride 32; TTA reversible; apply_fov; postprocesado de componentes conectados min_size 8 elegido por CV","128x128x3","bce_dice","flips + augmentation geometrica/fotometrica durante entrenamiento por parches + TTA en inferencia + postprocesado",0.40,0.810941579938,0.822356107831,0.841688901186,0.832022504508,"Postprocesado conservador validado en CV. Mejora CV de forma marginal frente a no postprocesar (+0.000103), pero baja en test frente al mejor stride32_tta sin postprocesado (-0.000945). No se adopta."
2026-06-06,cv_focal_tversky_patch128_balanced_ensemble_stride32_tta,fold_1.keras;fold_2.keras;fold_3.keras;fold_4.keras;fold_5.keras,"sliding-window patch inference; patch_size 128; stride 32; promedio de probabilidades; TTA reversible por flips; apply_fov en evaluacion","128x128x3","focal_tversky","flips + augmentation geometrica/fotometrica durante entrenamiento por parches + TTA en inferencia",0.85,0.806377938390,0.818215951324,0.836136898398,0.827176424861,"Loss orientada a falsos negativos evaluada con threshold elegido por CV extendido. No supera al baseline bce_dice patch stride32_tta ni en CV (-0.004461) ni en test (-0.005791); no se adopta."
2026-06-07,cv_weighted_bce_dice_patch128_balanced_ensemble_stride32_tta,fold_1.keras;fold_2.keras;fold_3.keras;fold_4.keras;fold_5.keras,"sliding-window patch inference; patch_size 128; stride 32; promedio de probabilidades; TTA reversible por flips; apply_fov en evaluacion","128x128x3","weighted_bce_dice","flips + augmentation geometrica/fotometrica durante entrenamiento por parches + TTA en inferencia",0.70,0.808165812492,0.819569647312,0.840025374293,0.829797510803,"BCE ponderada con mas peso en pixeles positivos + Dice. Mejora a focal_tversky en test (+0.002621), pero no supera a bce_dice patch stride32_tta ni en CV (-0.002673) ni en test (-0.003170); empeora en 20/20 imagenes frente a bce_dice. No se adopta."
2026-06-07,cv_thin_weighted_dice_patch128_balanced_ensemble_stride32_tta,fold_1.keras;fold_2.keras;fold_3.keras;fold_4.keras;fold_5.keras,"sliding-window patch inference; patch_size 128; stride 32; promedio de probabilidades; TTA reversible por flips; apply_fov en evaluacion","128x128x3","thin_weighted_dice","flips + augmentation geometrica/fotometrica durante entrenamiento por parches + TTA en inferencia",0.75,0.781183657050,0.800870254636,0.817917773128,0.809394013882,"Dice con peso extra en proxy local de vasos finos. Resultado claramente inferior a bce_dice (-0.023574 test), weighted_bce_dice (-0.020403) y focal_tversky (-0.017782); empeora en 20/20 imagenes frente a todos ellos. No se adopta."
